<?xml version="1.0" encoding="UTF-8"?>
<DARoots Version="1" Minor="30">
  <FileSet Name="sources" Type="DesignSrcs" RelSrcDir="$PSRCDIR/sources_1">
    <Filter Type="Srcs"/>
    <File Path="$PSRCDIR/sources_1/bd/system/system.bd">
      <FileInfo>
        <Attr Name="ImportPath" Val="$PPRDIR/../lab1/lab1.srcs/sources_1/bd/system/system.bd"/>
        <Attr Name="ImportTime" Val="1391375772"/>
        <Attr Name="UsedInSynthesis" Val="1"/>
        <Attr Name="UsedInImplementation" Val="1"/>
        <Attr Name="UsedInSimulation" Val="1"/>
        <Attr Name="UsedIn" Val="synthesis"/>
        <Attr Name="UsedIn" Val="implementation"/>
        <Attr Name="UsedIn" Val="simulation"/>
      </FileInfo>
    </File>
    <File Path="$PSRCDIR/sources_1/bd/system/hdl/system_wrapper.vhd">
      <FileInfo>
        <Attr Name="ImportPath" Val="$PPRDIR/../lab1/lab1.srcs/sources_1/bd/system/hdl/system_wrapper.vhd"/>
        <Attr Name="ImportTime" Val="1391375471"/>
        <Attr Name="UsedInSynthesis" Val="1"/>
        <Attr Name="UsedInSimulation" Val="1"/>
        <Attr Name="UsedIn" Val="synthesis"/>
        <Attr Name="UsedIn" Val="simulation"/>
      </FileInfo>
    </File>
    <File Path="$PDATADIR/sources_1/ports.xml">
      <FileInfo SFType="PortsDb">
        <Attr Name="ImportPath" Val="$PPRDIR/../lab2/lab2.data/sources_1/ports.xml"/>
        <Attr Name="ImportTime" Val="1430225031"/>
      </FileInfo>
    </File>
    <Config>
      <Option Name="DesignMode" Val="RTL"/>
      <Option Name="TopModule" Val="system_wrapper"/>
      <Option Name="TopAutoSet" Val="TRUE"/>
    </Config>
  </FileSet>
</DARoots>
